{"cameraMode":{"drawMode":0,"name":"Shaded","section":"Shading Mode"},"sceneLighting":true,"audioPlay":false,"sceneViewState":{"m_AlwaysRefresh":false,"showFog":true,"showSkybox":true,"showFlares":true,"showImageEffects":true,"showParticleSystems":true,"showVisualEffectGraphs":true,"m_FxEnabled":true},"in2DMode":false,"pivot":{"x":-42.31031036376953,"y":-347.2821350097656,"z":-1007.2059326171875},"rotation":{"x":0.0733598843216896,"y":0.04486297816038132,"z":-0.0033035892993211748,"w":0.9962904453277588},"size":119.36131286621094,"orthographic":false}