{"cameraMode":{"drawMode":0,"name":"Shaded","section":"Shading Mode"},"sceneLighting":true,"audioPlay":false,"sceneViewState":{"m_AlwaysRefresh":false,"showFog":true,"showSkybox":true,"showFlares":true,"showImageEffects":true,"showParticleSystems":true,"showVisualEffectGraphs":true,"m_FxEnabled":true},"in2DMode":false,"pivot":{"x":-15.29224967956543,"y":-286.6108093261719,"z":-1384.67529296875},"rotation":{"x":0.00023839232744649053,"y":0.9996326565742493,"z":-0.025497030466794969,"w":0.009295032359659672},"size":520.1088256835938,"orthographic":false}